{"CreditScore": {"mean": 650.1703891935268, "std": 96.48565142761896}, "Age": {"mean": 38.91106058579644, "std": 10.440734718355879}, "Tenure": {"mean": 5.001604921760064, "std": 2.8855846898677586}, "Balance": {"mean": 76233.62350675405, "std": 62424.371181292576}, "NumOfProducts": {"mean": 1.529624180821185, "std": 0.5783171691676523}, "HasCrCard": {"mean": 0, "std": 1}, "IsActiveMember": {"mean": 0, "std": 1}, "EstimatedSalary": {"mean": 100488.92344790691, "std": 57450.09730870099}, "Geography_Germany": {"mean": 0, "std": 1}, "Geography_Spain": {"mean": 0, "std": 1}, "Gender_Male": {"mean": 0, "std": 1}}