{"CreditScore": {"mean": 650.0220661985958, "std": 96.58942893596522}, "Age": {"mean": 38.88221808281989, "std": 10.429432374066796}, "Tenure": {"mean": 5.01031666427855, "std": 2.88722096097861}, "Balance": {"mean": 76045.33918756268, "std": 62483.70948221638}, "NumOfProducts": {"mean": 1.5331709413956154, "std": 0.5809053770088685}, "HasCrCard": {"mean": 0, "std": 1}, "IsActiveMember": {"mean": 0, "std": 1}, "EstimatedSalary": {"mean": 100249.10900272246, "std": 57490.68772249915}, "Geography_Germany": {"mean": 0, "std": 1}, "Geography_Spain": {"mean": 0, "std": 1}, "Gender_Male": {"mean": 0, "std": 1}}